Burns,Nicole,"Engineer, structural",nicol.burns@hughes.org,916.776.3118x7829
Knight,Carla,Technical author,carla.knigh@holmes.com,+1-983-588-1885
Fuller,Megan,Land,megan.fulle@cooper.net,812.469.7706
Webb,Andres,"Solicitor, Scotland",andre.webb@craig-tanner.com,+1-925-558-0545x8376
Hoover,Bryan,Technical sales engineer,bryan.hoove@davis.biz,+1-509-218-2864x56309
Moore,David,Training and development officer,david.moore@ruiz.com,7859952439
Ortega,Kyle,Commercial art gallery manager,kyle.orteg@miller.org,(943)413-4513
Davis,Heather,Television camera operator,heath.davis@waller.net,633-972-5302
Parrish,Richard,"Horticulturist, amenity",richa.parri@thompson-schmidt.org,(640)246-4259
Thomas,Christopher,"Pharmacist, hospital",chris.thoma@moore.com,001-463-824-9297
Gross,Jeremy,Animator,jerem.gross@harvey.com,+1-460-594-0865x4704
Jones,Olivia,Insurance broker,olivi.jones@mcdonald.com,(498)404-5907x71707
Jones,Brian,Set designer,brian.jones@graves.biz,+1-879-530-6470
Mccann,Michael,Air traffic controller,micha.mccan@barrett.net,(897)938-4935
Smith,Joseph,Theatre manager,josep.smith@murphy-dalton.com,(514)323-7210x5273
Turner,Scott,"Merchandiser, retail",scott.turne@tucker.com,(542)355-7357
Ford,Chelsea,"Secretary, company",chels.ford@mcdonald.com,(243)662-0254
Thompson,Shannon,"Education officer, museum",shann.thomp@gutierrez.com,587.611.2237
Harris,Vanessa,English as a foreign language teacher,vanes.harri@smith-smith.com,526-899-5856
Butler,Timothy,Metallurgist,timot.butle@howard-bell.com,+1-998-344-4057x39097
Wright,Rodney,Civil Service administrator,rodne.wrigh@lindsey.com,+1-968-417-6365x0869
Walsh,Pamela,Politician's assistant,pamel.walsh@shelton.net,(700)555-9858
Cruz,Kylie,Restaurant manager,kylie.cruz@martinez-harris.com,(555)733-4836
Hayes,Linda,Geochemist,linda.hayes@dyer.org,(893)833-2846x9098
Rodriguez,Valerie,Field seismologist,valer.rodri@arroyo-fields.com,713.256.4691x67428
Barnes,Johnny,Drilling engineer,johnn.barne@barrett.com,489.698.5406x36402
Payne,Leslie,Health visitor,lesli.payne@smith.com,430.911.1613x76943
Curtis,Katherine,Astronomer,kathe.curti@price-mahoney.com,923-774-2674x10726
Jenkins,Gary,Theatre director,gary.jenki@compton.info,725.437.6885x34910
Mckinney,Nicholas,Personnel officer,nicho.mckin@rogers.biz,303-719-6074
Alexander,Michael,Associate Professor,micha.alexa@taylor.org,760.598.8244
Johnson,Douglas,Information systems manager,dougl.johns@fox.com,300.758.8469
Smith,Laura,Web designer,laura.smith@davis.com,001-913-946-6072x10115
Roberts,Taylor,Special effects artist,taylo.rober@adams.com,+1-352-909-7021x9656
Hines,Timothy,"Psychologist, occupational",timot.hines@robinson.com,471.842.1228
Salinas,Jared,Planning and development surveyor,jared.salin@harris.org,(302)580-1036x95004
Garrison,Maria,Dispensing optician,maria.garri@hinton.com,(535)727-8277
Aguilar,Dale,Field trials officer,dale.aguil@fernandez.com,829-205-0497x886
Owens,Steve,"Surveyor, hydrographic",steve.owens@petersen.com,(783)800-0993
Byrd,Rhonda,Secondary school teacher,rhond.byrd@williams-hill.com,414-249-5629x4942
